category,category_id
Thời Trang Nữ,CAT_0001
Unknown,CAT_0002
Thiết Bị Số - Phụ Kiện Số,CAT_0003
Các Loại Rong Biển Ăn Liền,CAT_0004
Hạt Giống,CAT_0005
Sách Tiếng Việt,CAT_0006
Nhà Cửa - Đời Sống,CAT_0007
Sim Số,CAT_0008
Điện Gia Dụng,CAT_0009
Lịch Sử Thế Giới,CAT_0010
Thời Trang,CAT_0011
Văn Hóa Phẩm,CAT_0012
Đồ Chơi - Mẹ & Bé,CAT_0013
Bách Hóa Online,CAT_0014
Nội Thất Phòng Ngủ Khác,CAT_0015
Máy Sấy Quần Áo,CAT_0016
Tai Nghe Bluetooth,CAT_0017
Sữa Cho Bé Dưới 24 Tháng,CAT_0018
Sữa Đậu Nành,CAT_0019
Tã Quần Cho Người Lớn,CAT_0020
Trà Hòa Tan,CAT_0021
Tiểu Thuyết Phương Đông,CAT_0022
Đầm Suông,CAT_0023
Bếp Điện Từ Đơn,CAT_0024
"Lắp Ghép, Xếp Hình",CAT_0025
Đèn Pin,CAT_0026
Sữa Rửa Mặt,CAT_0027
Sách Tư Duy - Kỹ Năng Sống,CAT_0028
Loa Bluetooth,CAT_0029
"Nội Thất Phòng Học, Làm Việc Khác",CAT_0030
"Búp Bê, Thú Bông",CAT_0031
Lò Vi Sóng Cơ,CAT_0032
Sách Y Học Cổ Truyền,CAT_0033
Mới Và Nổi Bật,CAT_0034
"Truyện Tranh, Manga, Comic",CAT_0035
Miếng Lót Dành Cho Người Lớn,CAT_0036
Máy Sấy Tóc,CAT_0037
Chế Phẩm Diệt Côn Trùng,CAT_0038
Bài Học Kinh Doanh,CAT_0039
Bàn Ủi Hơi Nước,CAT_0040
Loa Nghe Nhạc,CAT_0041
Truyện Trinh Thám,CAT_0042
Bàn Chải Điện Cho Bé,CAT_0043
Chương Trình Khuyến Mại Khác,CAT_0044
Cà Phê,CAT_0045
Ăn Kiêng - Giảm Cân,CAT_0046
Các Loại Đậu Sấy Khô,CAT_0047
"Hũ, Lọ Đựng Gia Vị",CAT_0048
Máy Cạo Râu,CAT_0049
Phật Giáo,CAT_0050
Phụ Kiện Di Động Khác,CAT_0051
Phụ Kiện Thờ Cúng,CAT_0052
Truyện Ngắn - Tản Văn - Tạp Văn Nước Ngoài,CAT_0053
Chảo Chiên,CAT_0054
Gối Cho Bé,CAT_0055
"Pin Tiểu, Pin Sạc",CAT_0056
Áo Thun Nữ Dài Tay Có Cổ,CAT_0057
Bình Nước Úp Ngược,CAT_0058
Bình Giữ Nhiệt,CAT_0059
Làm Đẹp - Sức Khỏe,CAT_0060
Mô Hình Nhân Vật,CAT_0061
Sách Thiếu Nhi,CAT_0062
Rượu Mùi,CAT_0063
Đồng Hồ Treo Tường,CAT_0064
Nồi Đa Năng,CAT_0065
Nồi Hấp,CAT_0066
English Books,CAT_0067
Bút - Viết Các Loại,CAT_0068
Luyện Thi Ielts,CAT_0069
Tai Nghe Có Dây,CAT_0070
Mô Hình 3D,CAT_0071
Mì Ăn Liền,CAT_0072
Bao Da - Ốp Lưng Điện Thoại Iphone,CAT_0073
Máy Ép Chậm,CAT_0074
Phụ Kiện Nhà Tắm Khác,CAT_0075
Nước Giặt Quần Áo Cho Bé,CAT_0076
Bộ Muỗng Nĩa,CAT_0077
Truyện Chữ Đam Mỹ,CAT_0078
Chăm Sóc Sức Khỏe Em Bé,CAT_0079
Bảo Vệ Nhà Cửa Khác,CAT_0080
Đồ Dùng Nhà Bếp Khác,CAT_0081
Dây Cáp Sạc Usb Type-C,CAT_0082
Pudding,CAT_0083
Đầu Lọc Nước Tại Vòi,CAT_0084
Phụ Kiện Điện Thoại Và Máy Tính Bảng,CAT_0085
Bột Pha Sẵn,CAT_0086
Truyện Giả Tưởng - Huyền Bí - Phiêu Lưu,CAT_0087
Khay,CAT_0088
Truyện Tranh Thiếu Nhi,CAT_0089
"Ly, Cốc Nước",CAT_0090
"Sách Quản Trị, Lãnh Đạo",CAT_0091
Ổ Cắm & Công Tắc Điện,CAT_0092
Đế Sạc Không Dây,CAT_0093
Nồi Luộc Gà,CAT_0094
Dịch Vụ,CAT_0095
Túi Zip Đựng Thực Phẩm,CAT_0096
Nồi Cơm Nắp Gài,CAT_0097
Móc Khóa,CAT_0098
Chính Trị Đảng Phái,CAT_0099
Bình Đựng Nước,CAT_0100
Vòi Hồ/ Vòi Nước,CAT_0101
Tã Dán Cho Người Lớn,CAT_0102
"Đồ Ngủ Cosplay, Gợi Cảm",CAT_0103
Máy Xay Thịt,CAT_0104
Triết Học Phương Tây,CAT_0105
Ống Hút,CAT_0106
"Dụng Cụ Xay, Giã",CAT_0107
Tài Chính Doanh Nghiệp,CAT_0108
Dụng Cụ Văn Phòng,CAT_0109
Phụ Kiện Pha Cà Phê,CAT_0110
Tiểu Sử - Hồi Ký,CAT_0111
Áo Nâng Ngực,CAT_0112
Pin Sạc Dự Phòng Di Động,CAT_0113
Phân Bón,CAT_0114
Máy Đánh Trứng,CAT_0115
Tập Viết Chữ Hán,CAT_0116
Muối Hồng Himalaya,CAT_0117
Tiểu Thuyết Phương Tây,CAT_0118
Tài Chính Cá Nhân,CAT_0119
Tai Nghe Bluetooth Nhét Tai,CAT_0120
"Nồi Tiềm, Nồi Nấu Cháo",CAT_0121
Sách Kỹ Năng Làm Việc,CAT_0122
Rượu Vang Đỏ,CAT_0123
Đường,CAT_0124
Bao Da - Ốp Lưng Điện Thoại Samsung,CAT_0125
Thức Ăn Cho Mèo,CAT_0126
Bộ Chuyển Đổi Không Dây,CAT_0127
Xe Trượt Scooter,CAT_0128
Keo Dán Đa Năng,CAT_0129
Sách Tâm Lý Học - Khác,CAT_0130
Truyện Tranh Ehon,CAT_0131
Máy Làm Sữa Chua,CAT_0132
Máy Uốn Tóc,CAT_0133
Sách Phong Tục - Tập Quán Việt Nam,CAT_0134
Hút Bụi Gia Đình,CAT_0135
Dac Và Amplifier Di Động,CAT_0136
Trang Trí Nhà Cửa Khác,CAT_0137
Tôn Giáo - Tâm Linh Khác,CAT_0138
Truyện Dài,CAT_0139
Trà Túi Lọc,CAT_0140
Máy Nghe Nhạc,CAT_0141
Ruột Chăn,CAT_0142
Kiến Thức Bách Khoa,CAT_0143
Tã Dán,CAT_0144
Quần Ôm,CAT_0145
Tai Nghe True Wireless,CAT_0146
Gối Foam,CAT_0147
Quạt Đứng,CAT_0148
Áo Mưa,CAT_0149
Xếp Khối,CAT_0150
"Sirô, Đường Và Chất Tạo Ngọt",CAT_0151
Sữa Bột Chức Năng Cho Người Lớn,CAT_0152
Phụ Kiện Phòng Ngủ Khác,CAT_0153
Nồi Áp Suất Điện,CAT_0154
Chuột Văn Phòng Không Dây,CAT_0155
Cà Phê Hòa Tan,CAT_0156
Văn Học Thiếu Nhi,CAT_0157
Luyện Thi Toeic,CAT_0158
Quạt Mini,CAT_0159
Máy Xay Sinh Tố Gia Đình,CAT_0160
Mì Ý Ăn Liền,CAT_0161
Áo Sơ Mi Nữ Tay Dài Trơn,CAT_0162
Sữa Cho Bé Trên 24 Tháng,CAT_0163
Luyện Thi Tiếng Hoa Hsk,CAT_0164
Khăn Giấy Ướt Cho Bé,CAT_0165
Drap/Ga/Bao Gối Cho Bé,CAT_0166
"Dây Đeo Thay Thế, Phụ Trợ - Phụ Kiện Khác",CAT_0167
Bình Đun Siêu Tốc,CAT_0168
Đầm Dáng Xòe,CAT_0169
Kỹ Thuật Khác,CAT_0170
Sách Y Học Khác,CAT_0171
Cẩm Nang Làm Cha Mẹ,CAT_0172
Tác Phẩm Kinh Điển Việt Nam,CAT_0173
Ô - Dù,CAT_0174
Sữa Hạt,CAT_0175
Thớt Nhà Bếp,CAT_0176
Thực Phẩm Khô Khác,CAT_0177
Bia Nhập Khẩu,CAT_0178
Cà Phê Rang Xay,CAT_0179
Truyện Ngắn - Tản Văn - Tạp Văn,CAT_0180
Lịch Sử Việt Nam,CAT_0181
Bàn Ủi Hơi Nước Đứng,CAT_0182
Miếng Lót Sơ Sinh,CAT_0183
"Súp, Cháo Ăn Liền",CAT_0184
Tã Quần,CAT_0185
"Cờ Lê, Mỏ Lết, Búa Các Loại",CAT_0186
Chổi Quét,CAT_0187
"Tông Đơ, Máy Cắt Tóc",CAT_0188
Đậu Gà,CAT_0189
Sữa Công Thức Pha Sẵn Cho Bé,CAT_0190
Địu,CAT_0191
Dụng Cụ Sửa Chữa Nhà Cửa Khác,CAT_0192
Adapter Sạc - Củ Sạc Thường,CAT_0193
Nến Tinh Dầu,CAT_0194
Máy Chơi Game Khác,CAT_0195
Đồ Bơi Hai Mảnh,CAT_0196
Ngoại Ngữ Khác,CAT_0197
Lĩnh Vực Khác,CAT_0198
Nồi Cơm Điện Tử,CAT_0199
Chảo Xào,CAT_0200
Áo Không Đệm - Bralette,CAT_0201
Sách Học Tiếng Anh - Khác,CAT_0202
Bảng Số,CAT_0203
Bộ Hộp Cơm Thủy Tinh,CAT_0204
Cafe Uống Liền,CAT_0205
Quần Lọt Khe,CAT_0206
"Đệm, Lót Chống Thấm Cho Bé",CAT_0207
Nhà Sách Tiki,CAT_0208
Dung Dịch Tẩy Trang,CAT_0209
Bút Dạ Quang,CAT_0210
Khay Vệ Sinh,CAT_0211
Bộ Boardgame,CAT_0212
Bột Pha Nước Các Loại,CAT_0213
Cọ Rửa Ly,CAT_0214
Máy Ảnh - Máy Quay Phim,CAT_0215
Bưu Ảnh - Postcard,CAT_0216
Máy Sạc Pin,CAT_0217
Trái Cây Rau Củ Sấy,CAT_0218
Thực Phẩm Ăn Liền,CAT_0219
Miếng Dán Đa Năng,CAT_0220
Bộ Quần Áo Ngủ,CAT_0221
Máy Xay Cầm Tay,CAT_0222
Phụ Kiện Máy Lọc Nước,CAT_0223
Dụng Cụ Hút Mũi Cho Bé,CAT_0224
Vỉ Nướng Điện,CAT_0225
Truyện Ngắn - Tản Văn - Tạp Văn Việt Nam,CAT_0226
Cáp Âm Thanh,CAT_0227
Kinh Tế Chính Trị,CAT_0228
Sách Y Học Hiện Đại,CAT_0229
Phê Bình - Lý Luận Văn Học,CAT_0230
Quạt Sạc,CAT_0231
Máy Đo Khoảng Cách,CAT_0232
Bút Gel,CAT_0233
Giường Gấp,CAT_0234
Hộp Nhựa Đựng Thực Phẩm,CAT_0235
Quần Legging - Tregging Nữ,CAT_0236
Dây Cáp Sạc Đa Năng,CAT_0237
Sách Tham Khảo Cấp Ii,CAT_0238
Đồ Lót Tạo Dáng,CAT_0239
Công Tắc Thông Minh,CAT_0240
Lõi Lọc,CAT_0241
Các Sản Phẩm Sức Khỏe Khác,CAT_0242
Hút Bụi Cầm Tay,CAT_0243
Bàn Di Chuột - Miếng Lót Chuột,CAT_0244
Khăn/ Giấy Ăn,CAT_0245
Máy Tạo Ẩm,CAT_0246
Thẻ Flash Card,CAT_0247
Bộ Lau Nhà,CAT_0248
Tiểu Thuyết,CAT_0249
Bánh Kẹo Khác,CAT_0250
Xe Mô Hình,CAT_0251
Sách Kỹ Năng Sống,CAT_0252
Gối Cao Su,CAT_0253
Áo Khoác Gió Nữ,CAT_0254
Phụ Kiện Giặt Ủi Khác,CAT_0255
Son Dưỡng,CAT_0256
Các Loại Hạt Sấy Khô,CAT_0257
Máy Tỉa Lông Mũi,CAT_0258
Nồi Lẻ,CAT_0259
Miếng Lau/Bông Lau Thay Thế,CAT_0260
Áo Thun Nữ Ngắn Tay Có Cổ,CAT_0261
Chuông Báo,CAT_0262
Bánh Quy,CAT_0263
Máy Hút Ẩm,CAT_0264
Chiếu Mây,CAT_0265
"Máy Vặn Vít, Tua Vít",CAT_0266
Truyện Kinh Dị,CAT_0267
Sữa Chua Uống & Ăn,CAT_0268
Bàn Ghế Làm Việc,CAT_0269
Đèn Led,CAT_0270
Mỹ Thuật - Kiến Trúc,CAT_0271
Bút Bi Bấm,CAT_0272
Máy Xay Ép Đa Năng,CAT_0273
Kỹ Năng Khác,CAT_0274
Nồi Lẩu Điện,CAT_0275
Cây Lăn - Súng Phun Sơn,CAT_0276
Kế Toán,CAT_0277
Móc Treo,CAT_0278
Dầu Gội Sạch Gàu,CAT_0279
Máy Sấy Chén,CAT_0280
Cáp Hdmi - Displayport,CAT_0281
Bánh Snack,CAT_0282
Thực Phẩm Bổ Dưỡng,CAT_0283
Nghệ Thuật Sống,CAT_0284
Ly Giữ Nhiệt,CAT_0285
Bút Cảm Ứng,CAT_0286
Bình Thủy Điện,CAT_0287
Bao Lì Xì,CAT_0288
Thiết Bị Phòng Tắm Khác,CAT_0289
Nước Tương,CAT_0290
Truyện Ngôn Tình,CAT_0291
Phụ Kiện Âm Thanh,CAT_0292
Giá Đỡ - Chân Đế Thường,CAT_0293
Vitamins Và Thực Phẩm Chức Năng Cho Mẹ Bầu,CAT_0294
Sữa Nước Chức Năng Cho Người Lớn,CAT_0295
Giấy Thấm Dầu,CAT_0296
Tarot,CAT_0297
Máy Lọc Không Khí,CAT_0298
Hộp Quà Tết,CAT_0299
Tài Nguyên - Môi Trường,CAT_0300
Túi Giặt,CAT_0301
Bánh,CAT_0302
Thang Nhôm Ghế,CAT_0303
Tai Nghe Có Dây Nhét Tai,CAT_0304
Thú Bông,CAT_0305
"Túi Đựng Bình, Ly",CAT_0306
Hộp Đựng - Túi Đựng Phụ Kiện,CAT_0307
Thực Phẩm Chế Biến Sẵn Khác,CAT_0308
Xe Đạp Cho Bé,CAT_0309
Chăm Sóc Mắt,CAT_0310
Máy Xay Cắt Đa Năng,CAT_0311
Bút Ký - Tự Truyện,CAT_0312
Màng Bọc Thực Phẩm,CAT_0313
Tập Vở Các Loại,CAT_0314
Nội Thất,CAT_0315
Phụ Kiện Và Dụng Cụ Khác,CAT_0316
Bộ Dụng Cụ Đa Năng,CAT_0317
Lịch,CAT_0318
Bộ Nồi,CAT_0319
Phụ Kiện Uống Trà,CAT_0320
Máy Pha Cà Phê Gia Đình,CAT_0321
Tác Phẩm Kinh Điển Nước Ngoài,CAT_0322
Sách Kinh Tế Học - Khác,CAT_0323
Súng Bắn Keo,CAT_0324
Sữa Bột Cho Bé,CAT_0325
Đũa,CAT_0326
Nến Thơm Thư Giãn,CAT_0327
Ngữ Pháp Tiếng Anh,CAT_0328
Sổ Tay Gáy Lò Xo,CAT_0329
Bao Cao Su,CAT_0330
Giáo Trình Hán Ngữ,CAT_0331
Tâm Lý Học Hành Vi,CAT_0332
Thực Phẩm Bảo Vệ Sức Khỏe,CAT_0333
Máy Sưởi,CAT_0334
Triết Học Khác,CAT_0335
Kem Chống Hăm Cho Bé,CAT_0336
Áo Len - Áo Khoác Nỉ Nữ,CAT_0337
Siro Các Loại,CAT_0338
Quần Lót Không Đường May,CAT_0339
Chảo Chiên Trứng,CAT_0340
Dụng Cụ Ngoài Trời Khác,CAT_0341
Thiết Bị Định Vị Gps,CAT_0342
Đèn Ngủ Treo Tường,CAT_0343
Đầu Đọc Thẻ Nhớ,CAT_0344
Kỹ Năng Giao Tiếp,CAT_0345
Ngũ Cốc Ăn Sáng,CAT_0346
Túi Đựng Hộp Cơm,CAT_0347
Lò Nướng Bánh Mì Sandwich,CAT_0348
Giá Đỡ Laptop,CAT_0349
Sách Văn Học,CAT_0350
Sách Quản Trị Nhân Lực,CAT_0351
Dầu Đậu Nành,CAT_0352
Trò Chơi Trí Tuệ,CAT_0353
Sách Tham Khảo Cấp Iii,CAT_0354
"Giá, Kệ Phơi Quần Áo",CAT_0355
"Máy Ép, Duỗi Tóc",CAT_0356
Dụng Cụ Học Sinh,CAT_0357
Sức Khỏe Tinh Thần,CAT_0358
Tấm Bảo Vệ Nệm,CAT_0359
Giấy Notes,CAT_0360
Bàn Phím Văn Phòng,CAT_0361
Phụ Kiện Nhà Bếp Khác,CAT_0362
Sữa Tắm Cho Bé,CAT_0363
Đồ Chơi Thủ Công Khác,CAT_0364
Túi Hút Chân Không Thực Phẩm,CAT_0365
Bếp Hồng Ngoại Đơn,CAT_0366
Bột Chocolate,CAT_0367
Sách Chữa Lành,CAT_0368
Sách Vải,CAT_0369
Gạo Tẻ,CAT_0370
Thực Phẩm Chay,CAT_0371
Máy Tính Bỏ Túi,CAT_0372
Sách Tô Màu Dành Cho Người Lớn,CAT_0373
Nồi Chiên,CAT_0374
Kinh Dịch Học,CAT_0375
Các Loại Gia Vị Khác,CAT_0376
Bao Tay,CAT_0377
Bia Nội Địa,CAT_0378
Đồng Hồ Thông Minh,CAT_0379
Sách Chính Trị - Pháp Lý,CAT_0380
Giấy Nến - Giấy Chống Dính,CAT_0381
Sách Tài Chính - Khác,CAT_0382
Cáp Đồng Hồ Thông Minh,CAT_0383
Máy Làm Sữa Đậu Nành,CAT_0384
Sữa Tiệt Trùng (Uht),CAT_0385
Cây Lau,CAT_0386
Ghế Ngồi Ôtô,CAT_0387
Dụng Cụ Cắt Tóc,CAT_0388
Đầu Tư,CAT_0389
Hộp Chia Đồ Ăn,CAT_0390
Dây Cáp,CAT_0391
"Giá Đỡ - Chân Đế Gắn Ô Tô, Xe Máy",CAT_0392
Bột Chiên Giòn,CAT_0393
Bộ Hộp Cơm Giữ Nhiệt,CAT_0394
Sách Nấu Ăn,CAT_0395
Sữa Chức Năng Dạng Bột,CAT_0396
Tai Nghe Bluetooth Chụp Tai On-Ear,CAT_0397
Đồ Bộ Ngắn,CAT_0398
Rổ,CAT_0399
Máy Lọc Nước Có Điện,CAT_0400
Nước Khoáng,CAT_0401
"Miếng Rửa Chén, Chà Nồi",CAT_0402
"Quạt Hơi Nước, Phun Sương",CAT_0403
Đèn Khác,CAT_0404
Triết Học,CAT_0405
Phụ Kiện Máy Hút Bụi,CAT_0406
Bếp Gas Du Lịch - Bếp Gas Đơn,CAT_0407
Quạt Treo Tường,CAT_0408
Thau,CAT_0409
Các Loại Đậu Khác,CAT_0410
Kèn Melodion - Pianica,CAT_0411
Linh Kiện Đèn,CAT_0412
Trà Khô,CAT_0413
Sưởi Hồng Ngoại,CAT_0414
Dây Nguồn,CAT_0415
Dụng Cụ Cắt-Gọt-Bào,CAT_0416
Kinh Tế Vĩ Mô,CAT_0417
Bộ Hộp Đựng Thực Phẩm,CAT_0418
Miếng Dán Màn Hình,CAT_0419
Dầu Xả,CAT_0420
Thảm Nằm Chơi,CAT_0421
Bàn Chải Lông,CAT_0422
Hộp Inox Đựng Thực Phẩm,CAT_0423
Vòi Rửa Chén Bát,CAT_0424
Bút Bi Dầu,CAT_0425
"Mì, Nui",CAT_0426
Đèn Trần,CAT_0427
"Hủ Tiếu, Miến, Phở Khô",CAT_0428
Phong Thủy,CAT_0429
Áo Sơ Mi Nữ Tay Ngắn Trơn,CAT_0430
Tạp Chí - Catalogue,CAT_0431
Giấy In - Fax - Photo,CAT_0432
Rượu Địa Phương,CAT_0433
Quánh/Nồi Nấu Bột,CAT_0434
Sách Ảnh,CAT_0435
Phụ Kiện Cây & Hoa,CAT_0436
Bể Cá,CAT_0437
Bộ Đồ Thờ,CAT_0438
Pate,CAT_0439
Dụng Cụ Mồi Lửa,CAT_0440
Miếng Dán Màn Hình Thiết Bị Đeo Thông Minh,CAT_0441
Ly Trà,CAT_0442
Kệ Nhà Bếp,CAT_0443
Dụng Cụ Vệ Sinh Khác,CAT_0444
Trang Trí Nhà Cửa,CAT_0445
"Bình Tập Uống, Ly Uống Nước",CAT_0446
Sim Data - Sim 3G / 4G,CAT_0447
Bộ Nồi Chảo,CAT_0448
Kiến Thức - Bách Khoa,CAT_0449
Găng Tay Nấu Nướng,CAT_0450
Loa Karaoke,CAT_0451
Sách Phong Tục - Tập Quán Nước Ngoài,CAT_0452
Thực Phẩm Cao Cấp,CAT_0453
"Dây Cáp Sạc Iphone, Ipad",CAT_0454
Vòi Nước Và Phụ Kiện Tưới Cây,CAT_0455
Ngậm Nướu,CAT_0456
Máy Hâm Sữa,CAT_0457
Sách Marketing - Bán Hàng,CAT_0458
Chân Váy Chữ A,CAT_0459
Máy Làm Kem,CAT_0460
Phụ Kiện Bể Cá,CAT_0461
Phương Pháp Giáo Dục Montessori,CAT_0462
Đầm Ngủ,CAT_0463
Đèn Âm Trần,CAT_0464
Phụ Kiện Máy Xịt Rửa,CAT_0465
Đồ Bộ Dài,CAT_0466
Sách Y Học,CAT_0467
Truyện Tranh Đam Mỹ,CAT_0468
Sách Giáo Dục,CAT_0469
Nước Ngọt Có Ga,CAT_0470
Nồi Cơm Nắp Rời,CAT_0471
"Thau, Chậu",CAT_0472
Quần Lót Nữ,CAT_0473
Thiết Bị Đo Lường Khác,CAT_0474
Bộ Adapter Sạc Kèm Cáp Sạc,CAT_0475
Đèn Sưởi,CAT_0476
"Phụ Kiện Máy Cạo Râu, Cắt Tóc",CAT_0477
Bộ Dao Bếp,CAT_0478
Đèn Năng Lượng Mặt Trời,CAT_0479
Túi Đựng Rác,CAT_0480
Chiêm Tinh Học,CAT_0481
Sách Khởi Nghiệp,CAT_0482
Sách Doanh Nhân,CAT_0483
"Khăn Tắm, Áo Choàng",CAT_0484
Sách Phong Thủy - Kinh Dịch,CAT_0485
Microphone Di Động,CAT_0486
Sách Chiêm Tinh - Horoscope - Khác,CAT_0487
Hướng Nghiệp Nhập Vai,CAT_0488
Các Loại Tranh Khác,CAT_0489
Nhạc Lý,CAT_0490
Túi Đựng Thực Phẩm,CAT_0491
Yến Mạch,CAT_0492
Bộ Hũ Đựng Thực Phẩm,CAT_0493
Sách Chuyển Động -Tương Tác,CAT_0494
Sữa Dưỡng Thể Dưỡng Ẩm,CAT_0495
Quạt Trần,CAT_0496
Hộp Đựng Thực Phẩm,CAT_0497
Sách Hướng Nghiệp,CAT_0498
Adapter Sạc - Củ Sạc Xe Hơi,CAT_0499
Bao Da - Ốp Lưng Máy Tính Bảng Khác,CAT_0500
Đầm Dáng Ôm,CAT_0501
"Hủ Tiếu, Miến, Phở Ăn Liền",CAT_0502
File Hồ Sơ - Bìa Hồ Sơ,CAT_0503
"Bình Uống, Bình Đựng Nước",CAT_0504
Thước Đo Các Loại,CAT_0505
Tác Phẩm Kinh Điển,CAT_0506
Bút Lông Cứng,CAT_0507
Bàn Ghế Phòng Khách,CAT_0508
Khay Nướng Bánh,CAT_0509
Bàn Phím Văn Phòng Có Dây,CAT_0510
Quạt Bàn,CAT_0511
Thức Ăn Cho Chim,CAT_0512
Pc Laptops & Netbooks,CAT_0513
Tablets & Ebook Readers,CAT_0514
Apple Laptops,CAT_0515
"Cd, Dvd & Blu-Ray Drives",CAT_0516
Cell Phones & Smartphones,CAT_0517
Cables & Adapters,CAT_0518
"Cases, Covers & Skins",CAT_0519
Cellulari E Smartphone,CAT_0520
Chargers & Cradles,CAT_0521
Mobile & Smart Phones,CAT_0522
Graphics Tablets/Boards & Pens,CAT_0523
Headphones,CAT_0524
Weight Loss Supplements,CAT_0525
Homeopathic Remedies,CAT_0526
Tablet E Ebook Reader,CAT_0527
"Cough, Cold & Flu",CAT_0528
"Cases, Covers, Keyboard Folios",CAT_0529
Hair Loss Treatments,CAT_0530
Chemical Water Treatment,CAT_0531
Vitamins & Minerals,CAT_0532
Dietary Supplements,CAT_0533
Electric Heating Pads,CAT_0534
Herbal Remedies & Resins,CAT_0535
Digestion & Nausea,CAT_0536
Digital Cameras,CAT_0537
Other Cameras & Photo,CAT_0538
Surveillance Dvrs & Nvrs,CAT_0539
Rear View Monitors/Cams & Kits,CAT_0540
Security Cameras,CAT_0541
Security Camera Cables & Adapters,CAT_0542
Borescopes & Fiberscopes,CAT_0543
Camcorders,CAT_0544
Game & Trail Cameras,CAT_0545
Memory Cards,CAT_0546
Dummy Cameras,CAT_0547
Tripods & Monopods,CAT_0548
Ip & Smart Security Camera Systems,CAT_0549
Other Car Video,CAT_0550
Straps & Hand Grips,CAT_0551
Cleaning Equipment & Kits,CAT_0552
"Cases, Bags & Covers",CAT_0553
Infrared & Thermal Imaging,CAT_0554
Film Cameras,CAT_0555
Single Use Batteries,CAT_0556
Other Consumer Electronics,CAT_0557
Other Pipe Tools,CAT_0558
Camera Drone Accessories,CAT_0559
Camera Drones,CAT_0560
Other Cell Phone Accessories,CAT_0561
Parking Cameras,CAT_0562
Webcams,CAT_0563
Camera Tools & Repair Kits,CAT_0564
Film Camera Parts,CAT_0565
Screen Protectors,CAT_0566
Doorbells,CAT_0567
Other Camera & Photo Accs,CAT_0568
"Lens Adapters, Mounts & Tubes",CAT_0569
Bumpers & Reinforcements,CAT_0570
Intraoral Cameras,CAT_0571
Batteries,CAT_0572
Memory Card Readers & Adapters,CAT_0573
Camera & Video Systems,CAT_0574
Slingshots,CAT_0575
Smart Speakers,CAT_0576
Ear Wax Removers,CAT_0577
Other Hunting,CAT_0578
Mirror Assemblies,CAT_0579
Smart Glasses,CAT_0580
Microphones,CAT_0581
3D Printer Consumables,CAT_0582
Other Components & Parts,CAT_0583
Other Film Photography,CAT_0584
Smart Doorbells,CAT_0585
Bird Feeders,CAT_0586
Mugs,CAT_0587
Baby Monitors,CAT_0588
Security Signs & Decals,CAT_0589
Stabilizers,CAT_0590
Solar Panels & Kits,CAT_0591
Hood Ornaments & Emblems,CAT_0592
Wristwatches,CAT_0593
Grilles,CAT_0594
Patches,CAT_0595
Other,CAT_0596
Memory Card & Usb Adapters,CAT_0597
Microscopes,CAT_0598
Security & Floodlights,CAT_0599
Motion Sensors & Cameras,CAT_0600
Lens Caps,CAT_0601
Security Camera Brackets & Mounts,CAT_0602
Pc & Console Vr Headsets,CAT_0603
Endoscopes,CAT_0604
Tail Light Assemblies,CAT_0605
Sonstige,CAT_0606
Other X-Ray Equipment,CAT_0607
Other Car & Truck Parts & Accessories,CAT_0608
Remotes & Shutter Releases,CAT_0609
Viewfinders & Eyecups,CAT_0610
Camera & Camcorder Lights,CAT_0611
Overhead Projectors,CAT_0612
"Lego (R) Bricks, Pieces & Parts",CAT_0613
Other Tripods & Supports,CAT_0614
Body Moldings & Trims,CAT_0615
Underwater Cases & Housings,CAT_0616
Processing & Finishing Equip,CAT_0617
Turn Signal Light Assemblies,CAT_0618
Lens Hoods,CAT_0619
Other Cameras & Imaging,CAT_0620
Video Game Merchandise,CAT_0621
Dash Cams,CAT_0622
Microphones & Wireless Systems,CAT_0623
Other Vehicle Electronics,CAT_0624
Cpus/Processors,CAT_0625
3D Printer Parts,CAT_0626
Security Camera Lenses,CAT_0627
Other Sporting Goods,CAT_0628
Auto Inspection Cams & Scopes,CAT_0629
"Case Mods, Stickers & Decals",CAT_0630
Other Surveillance Parts & Accessories,CAT_0631
Filters,CAT_0632
Other Sensors,CAT_0633
Door Handles,CAT_0634
Video Game Consoles,CAT_0635
Ipods & Mp3 Players,CAT_0636
Gps Holders & Mounts,CAT_0637
Tailgates,CAT_0638
Other Wheel & Tire Parts,CAT_0639
Lighting Kits,CAT_0640
Other Animation Merchandise,CAT_0641
Business Signs,CAT_0642
"Camera, Monitor & Sensor Kits",CAT_0643
Security Camera Power Supplies,CAT_0644
Mascara,CAT_0645
Crystals & Oscillators,CAT_0646
Digital Camera Parts,CAT_0647
Video Cables & Interconnects,CAT_0648
Other Car Electronics Accs,CAT_0649
Alarm Systems,CAT_0650
Camera Detectors,CAT_0651
Center & Third Brake Light Assemblies,CAT_0652
Cell Phone & Smartphone Parts,CAT_0653
Lenses,CAT_0654
Projector Mounts & Stands,CAT_0655
Laptop Housings & Touchpads,CAT_0656
Camera Manuals & Guides,CAT_0657
Wire Harnesses,CAT_0658
Film,CAT_0659
Instant Cameras,CAT_0660
Fundus Cameras,CAT_0661
Other Electrical & Ignition Components,CAT_0662
Code Readers & Scanners,CAT_0663
Other Lenses & Filters,CAT_0664
Cameras,CAT_0665
Plaques & Signs,CAT_0666
Other Electrical Equipment & Supplies,CAT_0667
Fenders,CAT_0668
Other Safety Accessories,CAT_0669
Tools & Repair Kits,CAT_0670
Flashes,CAT_0671
Hatches & Trunk Lids,CAT_0672
Rear View Mirrors,CAT_0673
Headsets,CAT_0674
Headphone Parts,CAT_0675
Replacement Parts & Tools,CAT_0676
Hearing Protection,CAT_0677
Portable Am/Fm Radios,CAT_0678
Pilot Gear,CAT_0679
Hearing Aids,CAT_0680
Smart Watches,CAT_0681
Activity Trackers,CAT_0682
Smartwatches,CAT_0683
Smart Watch Cases,CAT_0684
Wristwatch Bands,CAT_0685
Smartwatch,CAT_0686
Console,CAT_0687
Konsolen,CAT_0688
Consoles De Jeux Vidéo,CAT_0689
Monitors,CAT_0690
Video Monitors,CAT_0691
Other Office Equipment,CAT_0692
Monitore,CAT_0693
Monitor,CAT_0694
